<?xml version="1.0" encoding="UTF-8"?>
<project-private xmlns="http://www.netbeans.org/ns/project-private/1">
    <editor-bookmarks xmlns="http://www.netbeans.org/ns/editor-bookmarks/2" lastBookmarkId="0"/>
    <open-files xmlns="http://www.netbeans.org/ns/projectui-open-files/2">
        <group>
            <file>file:/C:/Users/denis/Documents/NetBeansProjects/ADO_ED_Compactador/HTML5Application/public_html/Css/ListaCss.css</file>
            <file>file:/C:/Users/denis/Documents/NetBeansProjects/ADO_ED_Compactador/HTML5Application/public_html/Paginas/CadastroProduto.html</file>
            <file>file:/C:/Users/denis/Documents/NetBeansProjects/ADO_ED_Compactador/HTML5Application/public_html/Paginas/VisualizarProduto.html</file>
            <file>file:/C:/Users/denis/Documents/NetBeansProjects/ADO_ED_Compactador/HTML5Application/public_html/Css/ProdutoCss.css</file>
            <file>file:/C:/Users/denis/Documents/NetBeansProjects/ADO_ED_Compactador/HTML5Application/public_html/Paginas/ListaDeProdutos.html</file>
            <file>file:/C:/Users/denis/Documents/NetBeansProjects/ADO_ED_Compactador/HTML5Application/public_html/Css/CadastroCss.css</file>
        </group>
    </open-files>
</project-private>
